title,author,narrator,length
Wiedergeburt,Brandon Varnell,Christopher Boucher,Length: 9 hrs and 21 mins
Murder in an English Castle,Helena Dixon,Christopher Boucher,Length: 7 hrs and 34 mins
Mark of the Fool 7,J.M. Clarke,Christopher Boucher,Length: 21 hrs and 27 mins
Threshold,Will Wight,Christopher Boucher,Length: 8 hrs and 35 mins
The Runesmith,Ivan Kal,Christopher Boucher,Length: 37 hrs and 45 mins
Never Flinch,Stephen King,Christopher Boucher,Length: 20 hrs
Second Stage Lensmen,Smith Edward Elmer ('Doc'),Christopher Boucher,Length: 10 hrs and 30 mins
The Nvidia Way,Tae Kim,Christopher Boucher,Length: 9 hrs and 42 mins
The War of the Noobs,Ryan Rimmel,Christopher Boucher,Length: 17 hrs and 46 mins
Magic Shifts [Dramatized Adaptation],Ilona Andrews,Christopher Boucher,Length: 10 hrs
Daughter of the Dragon,Michael G. Manning,Christopher Boucher,Length: 15 hrs
Dead Calm,Bill Runner,Christopher Boucher,Length: 7 hrs and 15 mins
A Dawn of Gods & Fury,K. A. Tucker,Christopher Boucher,Length: 21 hrs and 25 mins
Prepper Nation,Tom Abrahams,Christopher Boucher,Length: 9 hrs and 45 mins
Anathema,Keri Lake,Christopher Boucher,Length: 21 hrs and 18 mins
On Democracies and Death Cults,Douglas Murray,Christopher Boucher,Length: 12 hrs
Starfall,Joshua Dalzelle,Christopher Boucher,Length: 9 hrs and 9 mins
Raising Wrenns: A Memoir,Mal Wrenn Corbin,Christopher Boucher,Length: 8 hrs and 50 mins
Beyond Time,Lee McCormick,Christopher Boucher,Length: 7 hrs and 32 mins
Gone Nova,J.N. Chaney,Christopher Boucher,Length: 9 hrs and 52 mins
